menu,restaurantChain,Calories(kcal),Sugar(g),Cholesterol(mg),Saturated Fat(g),Sodium(mg),Protein(g),Fiber(g),Calcium(mg),Iron(mg),Vitamin A(IU),Vitamin C(mg),id,RRR_m1
Flour Tortilla (burrito),Chipotle,320,0,0,0.5,600,8,3,0,0,0,0,1234321,1.497875601
Flour Tortilla (taco),Chipotle,80,0,0,0,160,2,0,0,0,0,0,1234321,0.912698413
Crispy Corn Tortilla,Chipotle,70,0,0,0,0,1,1,0,0,0,0,1234321,3.979591837
Cilantro-Lime Brown Rice,Chipotle,210,0,0,1,190,4,2,0,0,0,0,1234321,1.593255784
Cilantro-Lime White Rice,Chipotle,210,0,0,0.5,350,4,1,0,0,0,0,1234321,1.02520361
Black Beans,Chipotle,130,2,0,0,210,8,7,0,0,0,0,1234321,5.221483942
Pinto Beans,Chipotle,130,1,0,0,210,8,8,0,0,0,0,1234321,6.320239563
Fajita Vegetables,Chipotle,20,2,0,0,150,1,1,0,0,0,0,1234321,1.208894879
Barbacoa,Chipotle,170,0,65,2.5,530,24,1,0,0,0,0,1234321,1.962080156
Chicken,Chipotle,180,0,125,3,310,32,0,0,0,0,0,1234321,2.021607764
Carnitas,Chipotle,210,0,65,7,450,23,0,0,0,0,0,1234321,1.325925307
Steak,Chipotle,150,0,80,2.5,330,21,1,0,0,0,0,1234321,1.867237869
Sofritas,Chipotle,150,5,0,1.5,560,8,3,0,0,0,0,1234321,1.353366897
Fresh Tomato Salsa,Chipotle,25,1,0,0,550,0,1,0,0,0,0,1234321,0.32870291
Roasted Chili-Corn Salsa,Chipotle,80,4,0,0,330,3,3,0,0,0,0,1234321,1.58592645
Tomatillo-Red Chili Salsa,Chipotle,30,0,0,0,500,0,1,0,0,0,0,1234321,0.384204196
Cheese,Chipotle,110,0,30,5,190,6,0,0,0,0,0,1234321,0.615247436
Sour Cream,Chipotle,110,2,40,7,30,2,0,0,0,0,0,1234321,0.169096924
Guacamole (topping/side),Chipotle,230,1,0,3.5,370,2,6,0,0,0,0,1234321,1.350085741
Guacamole (large),Chipotle,460,2,0,7,740,4,12,0,0,0,0,1234321,1.350085741
Queso Blanco (entre),Chipotle,120,1,30,6,250,5,0,0,0,0,0,1234321,0.424667651
Queso Blanco (side),Chipotle,240,2,60,12,490,10,0,0,0,0,0,1234321,0.42624166
Queso Blanco (large),Chipotle,480,5,120,23,980,20,0,0,0,0,0,1234321,0.431762718
Supergreens Salad Mix,Chipotle,15,1,0,0,15,1,2,0,0,0,0,1234321,6.718393428
Romaine Lettuce (tacos),Chipotle,5,0,0,0,0,0,1,0,0,0,0,1234321,35.71428571
Chips (regular),Chipotle,540,1,0,3.5,390,7,7,0,0,0,0,1234321,1.536485098
Chips (large),Chipotle,810,2,0,5,590,11,11,0,0,0,0,1234321,1.610202683
Chipotle-Honey Vinaigrette,Chipotle,220,12,0,2.5,850,1,1,0,0,0,0,1234321,0.164920022
Lava Flow,Cheesecake Factory,400,52,0,7,30,1,3,0,0,0,0,1234322,0.198283544
Pia Colada,Cheesecake Factory,480,71,0,6,25,1,1,0,0,0,0,1234322,0.070672213
Mango Eruption,Cheesecake Factory,370,51,0,3.5,25,1,1,0,0,0,0,1234322,0.100142902
Paradise in a Pineapple,Cheesecake Factory,440,62,0,4,20,1,1,0,0,0,0,1234322,0.083469813
Little House Salad,Cheesecake Factory,260,5,0,2,250,2,3,0,0,0,0,1234322,0.838524706
Chicken Taquitos,Cheesecake Factory,390,5,50,7,850,16,13,0,0,0,0,1234322,1.659889402
Korean Fried Cauliflower,Cheesecake Factory,1150,44,20,13,2570,11,7,0,0,0,0,1234322,0.357245148
Stuffed Mushrooms,Cheesecake Factory,510,5,105,22,500,15,4,0,0,0,0,1234322,0.547442453
Crispy Brussels Sprouts,Cheesecake Factory,570,15,30,13,410,8,8,0,0,0,0,1234322,0.736347405
Loaded Baked Potato Tots,Cheesecake Factory,1030,16,165,27,1970,25,5,0,0,0,0,1234322,0.47234256
Beet and Avocado Salad,Cheesecake Factory,290,28,5,3,480,7,9,0,0,0,0,1234322,1.067763479
Cheeseburger Spring Rolls,Cheesecake Factory,1010,11,175,28,1830,43,3,0,0,0,0,1234322,0.690030577
Chicken Samosas,Cheesecake Factory,420,8,100,5,1220,28,3,0,0,0,0,1234322,1.124068596
Fried Zucchini,Cheesecake Factory,890,13,25,12,970,14,4,0,0,0,0,1234322,0.584033445
Crispy Fried Cheese,Cheesecake Factory,1080,5,295,31,1960,52,5,0,0,0,0,1234322,0.756781291
Dynamite Shrimp,Cheesecake Factory,500,3,155,7,750,19,1,0,0,0,0,1234322,0.691587562
Grilled Chicken Mini Tacos (MDR),Cheesecake Factory,650,10,120,7,1480,46,5,0,0,0,0,1234322,1.431566168
Crispy Fish Mini Tacos (MDR),Cheesecake Factory,530,9,25,4,920,15,5,0,0,0,0,1234322,1.060350285
Roadside Sliders - Serves 2-4,Cheesecake Factory,800,18,135,13,1720,48,1,0,0,0,0,1234322,0.954544372
Chicken Pot Stickers - Serves 2-4,Cheesecake Factory,420,14,100,3,2690,31,1,0,0,0,0,1234322,0.764985218
Tex Mex Eggrolls - Serves 2-4,Cheesecake Factory,930,12,120,14,2030,43,10,0,0,0,0,1234322,1.132180123
Quesadilla - Serves 2-4,Cheesecake Factory,1030,6,150,39,1880,44,7,0,0,0,0,1234322,0.723915102
Quesadilla (ABQ) - Serves 2-4,Cheesecake Factory,1040,5,150,39,1760,44,7,0,0,0,0,1234322,0.73659449
Quesadilla with Chicken - Serves 2-4,Cheesecake Factory,1150,6,215,39,1990,63,7,0,0,0,0,1234322,0.893092867
Quesadilla with Chicken (ABQ) - Serves 2-4,Cheesecake Factory,1150,5,215,39,1870,63,7,0,0,0,0,1234322,0.908607308
Quesadilla with Kalua Pork (HI) - Serves 2-4,Cheesecake Factory,1250,6,240,43,2260,68,7,0,0,0,0,1234322,0.860482409
Avocado Eggrolls - Serves 2-4,Cheesecake Factory,930,38,15,10,1300,14,14,0,0,0,0,1234322,0.833255922
Pretzel Bites with Cheddar Cheese Fondue - Serves 2-4,Cheesecake Factory,1010,11,130,34,2470,29,3,0,0,0,0,1234322,0.436864067
Fried Macaroni and Cheese - Serves 2-4,Cheesecake Factory,1310,12,245,47,2140,40,6,0,0,0,0,1234322,0.507945263
Southern Fried Chicken Sliders - Serves 2-4,Cheesecake Factory,1290,20,140,18,1900,57,1,0,0,0,0,1234322,0.907816362
Sweet Corn Tamale Cakes - Serves 2-4,Cheesecake Factory,1340,42,210,44,1710,16,19,0,0,0,0,1234322,0.484416242
Hot Spinach and Cheese Dip - Serves 2-4,Cheesecake Factory,1730,9,225,57,1590,31,13,0,0,0,0,1234322,0.507975953
Eggroll Sampler - Serves 2-4,Cheesecake Factory,1340,35,140,21,2280,44,17,0,0,0,0,1234322,0.958711947
Fried Calamari - Serves 2-4,Cheesecake Factory,1520,10,705,20,1850,44,5,0,0,0,0,1234322,0.517451816
Buffalo Blasts¨ - Serves 2-4,Cheesecake Factory,1670,11,190,25,7080,78,10,0,0,0,0,1234322,0.796606349
Factory Nachos - Serves 2-4,Cheesecake Factory,2670,25,320,84,2680,63,21,0,0,0,0,1234322,0.607846918
Factory Nachos with Spicy Chicken - Serves 2-4,Cheesecake Factory,2950,29,370,85,3350,83,22,0,0,0,0,1234322,0.679753666
Factory Nachos with Kalua Pork (HI) - Serves 2-4,Cheesecake Factory,2880,25,415,88,3070,88,21,0,0,0,0,1234322,0.692748916
Buffalo Wings - Serves 2-4,Cheesecake Factory,1120,4,515,18,5020,109,2,0,0,0,0,1234322,1.034801707
Buffalo Chicken Strips - Serves 2-4,Cheesecake Factory,1090,12,135,11,4950,76,7,0,0,0,0,1234322,1.123902601
Thai Lettuce Wraps with Satay Chicken Strips - Serves 2-4,Cheesecake Factory,850,69,125,7,1990,51,9,0,0,0,0,1234322,0.975759255
Thai Lettuce Wraps with Grilled Avocado - Serves 2-4,Cheesecake Factory,830,64,0,8,1910,15,18,0,0,0,0,1234322,0.805741038
Ahi Poke (HI) - Serves 2,Cheesecake Factory,470,34,95,1.5,3030,50,2,0,0,0,0,1234322,1.020774487
Spicy Ahi Tempura Roll (HI) - Serves 2-4,Cheesecake Factory,770,11,80,9,1920,33,3,0,0,0,0,1234322,0.889358801
Spicy Tuna (HI) - Serves 2-4,Cheesecake Factory,480,18,45,4,1610,21,2,0,0,0,0,1234322,0.744588745
Cup of Baked Potato Soup,Cheesecake Factory,480,5,110,20,1190,12,3,0,0,0,0,1234322,0.390213364
Cup of Butternut Squash Soup,Cheesecake Factory,270,6,65,13,680,3,3,0,0,0,0,1234322,0.294822259
Cup of Tortilla Soup,Cheesecake Factory,290,3,25,5,1010,10,3,0,0,0,0,1234322,0.785560721
Cup of Clam Chowder,Cheesecake Factory,310,2,70,11,990,11,2,0,0,0,0,1234322,0.517169164
Cup of Cream of Chicken Soup,Cheesecake Factory,390,10,125,15,1030,17,3,0,0,0,0,1234322,0.556288218
Cup of Mexican Chicken and Vegetable Soup,Cheesecake Factory,230,10,25,1,1430,13,5,0,0,0,0,1234322,1.024630208
Cup of Cream of Broccoli Soup,Cheesecake Factory,390,6,115,20,1200,11,3,0,0,0,0,1234322,0.368392094
Cup of Street Corn Soup,Cheesecake Factory,370,12,70,13,700,5,2,0,0,0,0,1234322,0.265750875
Bowl of Baked Potato Soup,Cheesecake Factory,800,9,185,34,1940,20,4,0,0,0,0,1234322,0.362858361
Bowl of Butternut Squash Soup,Cheesecake Factory,420,10,105,19,1080,4,5,0,0,0,0,1234322,0.296586019
Bowl of Tortilla Soup,Cheesecake Factory,500,5,45,9,1660,17,5,0,0,0,0,1234322,0.775496935
Bowl of Clam Chowder,Cheesecake Factory,500,3,115,18,1580,18,4,0,0,0,0,1234322,0.551308359
Bowl of Cream of Chicken Soup,Cheesecake Factory,630,16,195,23,1650,28,4,0,0,0,0,1234322,0.557399982
Bowl of Mexican Chicken and Vegetable Soup,Cheesecake Factory,400,16,40,1.5,2300,21,8,0,0,0,0,1234322,1.020801763
Bowl of Cream of Broccoli Soup,Cheesecake Factory,630,10,185,33,1940,19,5,0,0,0,0,1234322,0.385206274
Bowl of Street Corn Soup,Cheesecake Factory,620,19,110,21,1140,8,4,0,0,0,0,1234322,0.290949305
Tossed Green Salad,Cheesecake Factory,110,4,1,1.5,125,4,3,0,0,0,0,1234322,1.74781499
Tossed Green Salad with Balsamic Vinaigrette,Cheesecake Factory,580,8,1,5,580,5,3,0,0,0,0,1234322,0.541970922
Tossed Green Salad with Blue Cheese Dressing,Cheesecake Factory,450,7,50,12,800,11,4,0,0,0,0,1234322,0.613144508
Tossed Green Salad with SK Mustard Vinaigrette,Cheesecake Factory,200,7,1,1.5,1030,5,4,0,0,0,0,1234322,0.792449771
Tossed Green Salad with Ranch Dressing,Cheesecake Factory,530,10,30,9,730,5,3,0,0,0,0,1234322,0.388667459
Tossed Green Salad with Thousand Island Dressing,Cheesecake Factory,550,14,25,9,790,4,3,0,0,0,0,1234322,0.326758873
Caesar Salad,Cheesecake Factory,860,9,50,16,1100,15,8,0,0,0,0,1234322,0.71257292
Caesar Salad with Chicken,Cheesecake Factory,1090,9,180,17,1320,54,8,0,0,0,0,1234322,1.24204937
Greek Salad,Cheesecake Factory,770,9,55,20,2560,16,6,0,0,0,0,1234322,0.466808244
Factory Chopped Salad,Cheesecake Factory,760,17,80,11,1200,30,10,0,0,0,0,1234322,1.162480764
Avocado,Cheesecake Factory,160,0,0,2,5,2,6,0,0,0,0,1234322,3.489601091
Grilled Chicken,Cheesecake Factory,220,0,130,1,220,39,0,0,0,0,0,1234322,2.830248212
Grilled Shrimp,Cheesecake Factory,90,0,155,0,115,18,0,0,0,0,0,1234322,1.471389646
Grilled Salmon,Cheesecake Factory,220,0,65,2,105,26,0,0,0,0,0,1234322,2.75237803
Chargrilled Steak,Cheesecake Factory,200,0,95,3,410,34,0,0,0,0,0,1234322,2.282101167
Cheese Flatbread,Cheesecake Factory,1000,3,125,31,2530,49,4,0,0,0,0,1234322,0.774028361
Margherita Flatbread,Cheesecake Factory,760,4,55,15,1770,34,4,0,0,0,0,1234322,0.951104644
Pepperoni Flatbread,Cheesecake Factory,1110,3,150,32,3180,53,4,0,0,0,0,1234322,0.733877508
Pepperoni Flatbread with Hot Honey,Cheesecake Factory,1140,11,150,32,3200,53,5,0,0,0,0,1234322,0.723244208
"Fresh Basil, Tomato and Cheese",Cheesecake Factory,850,3,95,25,2300,42,4,0,0,0,0,1234322,0.805180619
The Everything Flatbread,Cheesecake Factory,1160,6,145,31,3030,55,5,0,0,0,0,1234322,0.789100434
The Everything Flatbread with Kalamata Olives,Cheesecake Factory,1240,6,145,32,3450,55,6,0,0,0,0,1234322,0.759995594
Kalua Pig Flatbread (HI),Cheesecake Factory,1100,9,190,29,2470,65,5,0,0,0,0,1234322,0.950911831
Hawaiian Flatbread (HI),Cheesecake Factory,960,11,125,25,2870,54,4,0,0,0,0,1234322,0.845801352
One-Half Fresh Turkey Sandwich,Cheesecake Factory,790,14,130,16,1860,32,4,0,0,0,0,1234322,0.720324615
One-Half Chicken-Almond Salad Sandwich,Cheesecake Factory,850,9,100,17,1280,23,5,0,0,0,0,1234322,0.680821851
Small Green Salad,Cheesecake Factory,260,5,0,2,250,2,3,0,0,0,0,1234322,0.838524706
Small Caesar Salad,Cheesecake Factory,440,5,25,8,570,8,4,0,0,0,0,1234322,0.720293081
Cobb Salad,Cheesecake Factory,1010,10,260,17,1260,39,7,0,0,0,0,1234322,0.867151468
Santa Fe Salad,Cheesecake Factory,1130,26,85,15,1370,42,14,0,0,0,0,1234322,1.234347048
Chinese Chicken Salad,Cheesecake Factory,990,44,65,8,1900,32,6,0,0,0,0,1234322,0.757949264
Barbeque Ranch Chicken Salad,Cheesecake Factory,1210,45,90,14,1930,35,16,0,0,0,0,1234322,0.950492659
Sheila's Chicken and Avocado Salad,Cheesecake Factory,1110,37,65,10,1150,37,13,0,0,0,0,1234322,1.198691819
Fettuccini Alfredo,Cheesecake Factory,1450,6,210,57,2000,39,5,0,0,0,0,1234322,0.455199712
Fettuccini Alfredo with Chicken,Cheesecake Factory,1540,6,250,57,2210,56,5,0,0,0,0,1234322,0.586611772
Four Cheese Pasta,Cheesecake Factory,950,18,65,15,3040,35,9,0,0,0,0,1234322,0.817559931
Four Cheese Pasta with Chicken,Cheesecake Factory,1040,18,110,15,3440,52,9,0,0,0,0,1234322,0.974587827
Pasta Carbonara,Cheesecake Factory,1470,7,215,46,2710,38,8,0,0,0,0,1234322,0.515645578
Pasta Carbonara with Chicken,Cheesecake Factory,1560,7,260,47,3120,55,8,0,0,0,0,1234322,0.630651173
Chicken and Broccoli Pasta,Cheesecake Factory,860,4,95,13,4040,47,9,0,0,0,0,1234322,0.975375089
Pasta da Vinci,Cheesecake Factory,1180,11,175,23,1900,54,9,0,0,0,0,1234322,1.039814308
Spaghetti and Meatballs,Cheesecake Factory,1390,25,95,16,4030,49,14,0,0,0,0,1234322,0.910468786
Pasta with Shrimp and Sausage (HI),Cheesecake Factory,1310,19,145,21,4870,51,10,0,0,0,0,1234322,0.734754474
Louisiana Chicken Pasta,Cheesecake Factory,1380,11,310,43,2650,53,7,0,0,0,0,1234322,0.624343814
Spicy Chicken Chipotle Pasta,Cheesecake Factory,1290,18,140,25,2620,48,10,0,0,0,0,1234322,0.852895673
Evelyn's Favorite Pasta,Cheesecake Factory,940,7,40,15,1920,24,8,0,0,0,0,1234322,0.822246727
Farfalle with Chicken and Roasted Garlic,Cheesecake Factory,1050,11,155,24,2420,49,8,0,0,0,0,1234322,0.900520568
Bistro Shrimp Pasta,Cheesecake Factory,1530,8,310,47,2490,40,6,0,0,0,0,1234322,0.470365712
Shrimp with Angel Hair,Cheesecake Factory,1160,17,80,10,3790,40,12,0,0,0,0,1234322,0.921108186
Crusted Chicken Romano,Cheesecake Factory,1100,15,220,19,2680,57,9,0,0,0,0,1234322,0.98783867
Chicken Piccata,Cheesecake Factory,1340,6,315,43,2480,66,5,0,0,0,0,1234322,0.739194108
Orange Chicken,Cheesecake Factory,1440,47,80,11,2010,47,4,0,0,0,0,1234322,0.807962529
Famous Factory Meatloaf,Cheesecake Factory,1400,43,290,41,3660,52,7,0,0,0,0,1234322,0.522862379
Shepherd's Pie,Cheesecake Factory,1030,12,220,30,2670,55,10,0,0,0,0,1234322,0.877965535
Fish & Chips,Cheesecake Factory,1680,31,155,21,2690,44,9,0,0,0,0,1234322,0.71577823
Herb Crusted Filet of Salmon,Cheesecake Factory,1150,4,235,34,1140,48,4,0,0,0,0,1234322,0.758710471
Miso Salmon,Cheesecake Factory,1000,26,195,24,1260,46,2,0,0,0,0,1234322,0.725189452
Fresh Grilled Salmon,Cheesecake Factory,840,5,160,17,1280,47,6,0,0,0,0,1234322,1.173123701
Thai Glazed Salmon (PR),Cheesecake Factory,840,18,100,10,1240,52,4,0,0,0,0,1234322,1.373840945
French Fries,Cheesecake Factory,530,13,0,4,1250,6,5,0,0,0,0,1234322,0.588444118
Green Salad,Cheesecake Factory,130,2,0,1,125,1,1,0,0,0,0,1234322,0.665331553
Sweet Potato Fries,Cheesecake Factory,510,38,0,3.5,1150,4,11,0,0,0,0,1234322,0.699492815
Old Fashioned Burger,Cheesecake Factory,990,19,195,22,1880,46,3,0,0,0,0,1234322,0.745951554
Stuffed Cheddar Burger,Cheesecake Factory,1140,24,230,31,2720,59,3,0,0,0,0,1234322,0.707334001
Classic Burger,Cheesecake Factory,1340,23,270,31,2530,66,4,0,0,0,0,1234322,0.781440781
French Dip Cheeseburger,Cheesecake Factory,1620,22,305,47,3480,60,5,0,0,0,0,1234322,0.562249844
Smokehouse B.B.Q. Burger,Cheesecake Factory,1580,42,280,39,3070,68,3,0,0,0,0,1234322,0.627186119
Mushroom Burger,Cheesecake Factory,1460,23,255,40,2500,66,5,0,0,0,0,1234322,0.730731489
Americana Cheeseburger,Cheesecake Factory,1400,28,255,37,3390,60,4,0,0,0,0,1234322,0.617813136
Macaroni and Cheese Burger,Cheesecake Factory,1340,20,275,40,2430,60,4,0,0,0,0,1234322,0.665678651
Green Chile Cheeseburger (ABQ),Cheesecake Factory,1270,20,265,35,2570,61,4,0,0,0,0,1234322,0.711938759
Bacon-Bacon Cheeseburger,Cheesecake Factory,1680,29,325,46,3560,78,3,0,0,0,0,1234322,0.656235636
Impossible¨ Burger,Cheesecake Factory,930,14,0,19,2090,35,9,0,0,0,0,1234322,0.980748816
Spicy Crispy Chicken Sandwich - Spicy Buffalo Sauce,Cheesecake Factory,1090,8,245,24,2520,62,2,0,0,0,0,1234322,0.858867589
Spicy Crispy Chicken Sandwich - Chipotle Mayo,Cheesecake Factory,1170,8,240,24,1600,60,2,0,0,0,0,1234322,0.923828178
Factory Turkey Burger,Cheesecake Factory,1110,14,245,30,2260,52,7,0,0,0,0,1234322,0.780064151
Veggie Burger,Cheesecake Factory,1340,28,125,27,2400,27,10,0,0,0,0,1234322,0.555142744
B.B.Q. Kalua Pork (HI),Cheesecake Factory,930,22,240,17,1650,59,3,0,0,0,0,1234322,0.983335073
Hawaiian Fish Sandwich - Mahi (HI),Cheesecake Factory,750,23,180,11,1680,41,4,0,0,0,0,1234322,0.886466828
Hawaiian Fish Sandwich - Ahi (HI),Cheesecake Factory,760,23,130,11,1690,44,4,0,0,0,0,1234322,0.999619609
Hawaiian Fish Sandwich - Salmon (HI),Cheesecake Factory,870,23,135,14,1600,37,4,0,0,0,0,1234322,0.805334905
Hawaiian Fish Sandwich - Ono (HI),Cheesecake Factory,740,23,120,11,1670,40,4,0,0,0,0,1234322,0.940567067
Caesar Salad,Cheesecake Factory,1270,13,75,24,1630,21,9,0,0,0,0,1234322,0.606992851
Caesar Salad with Chicken,Cheesecake Factory,1500,13,205,25,1850,60,9,0,0,0,0,1234322,1.014913294
Vegan Cobb Salad,Cheesecake Factory,1060,17,0,9,1310,16,19,0,0,0,0,1234322,1.321165604
Chinese Chicken Salad,Cheesecake Factory,1630,62,95,14,2720,50,11,0,0,0,0,1234322,0.818504342
Thai Chicken Salad,Cheesecake Factory,1210,63,155,10,2670,73,14,0,0,0,0,1234322,1.212110348
Sheila's Chicken and Avocado Salad,Cheesecake Factory,1810,57,90,16,1910,56,22,0,0,0,0,1234322,1.19843136
Luau Salad (HI),Cheesecake Factory,1370,58,95,12,1690,45,10,0,0,0,0,1234322,0.898871082
Barbeque Ranch Chicken Salad,Cheesecake Factory,1980,64,155,23,2710,62,22,0,0,0,0,1234322,0.99009921
Santa Fe Salad,Cheesecake Factory,1700,39,165,25,2230,74,19,0,0,0,0,1234322,1.226582243
Cobb Salad,Cheesecake Factory,1460,13,370,24,2200,62,11,0,0,0,0,1234322,0.932026925
Seared Tuna Tataki Salad (HI),Cheesecake Factory,480,8,55,2.5,1380,42,5,0,0,0,0,1234322,1.946314832
Thai Coconut-Lime Chicken,Cheesecake Factory,1960,40,290,43,1850,71,6,0,0,0,0,1234322,0.716664427
Crispy Pineapple Chicken and Shrimp,Cheesecake Factory,1610,92,150,8,2470,53,6,0,0,0,0,1234322,0.689710816
Korean Fried Chicken,Cheesecake Factory,1830,65,85,13,3960,50,10,0,0,0,0,1234322,0.696674879
Chicken Riesling,Cheesecake Factory,1430,11,350,41,2820,77,6,0,0,0,0,1234322,0.815529047
Truffle-Honey Chicken,Cheesecake Factory,1700,15,275,37,3030,71,9,0,0,0,0,1234322,0.831777457
"Chicken Parmesan ""Pizza Style""",Cheesecake Factory,1940,10,650,61,3730,120,5,0,0,0,0,1234322,0.804957782
Chicken Katsu (HI),Cheesecake Factory,2520,40,630,51,4610,112,8,0,0,0,0,1234322,0.724584999
"Chicken ""Littles""",Cheesecake Factory,2120,41,360,39,3300,108,11,0,0,0,0,1234322,0.987216933
Shepherd's Pie,Cheesecake Factory,1460,16,320,42,3300,79,13,0,0,0,0,1234322,0.904319235
Baja Chicken Tacos,Cheesecake Factory,1230,17,160,12,2730,73,17,0,0,0,0,1234322,1.577832
Grilled Fish Tacos,Cheesecake Factory,1040,14,70,6,2150,45,17,0,0,0,0,1234322,1.66122775
Crispy Beer Battered Fish Tacos,Cheesecake Factory,1330,12,100,10,2210,52,18,0,0,0,0,1234322,1.55866121
Grilled Steak Tacos,Cheesecake Factory,1140,12,50,13,2030,38,17,0,0,0,0,1234322,1.362089308
Factory Burrito Grande,Cheesecake Factory,1950,28,300,49,4760,96,23,0,0,0,0,1234322,0.971508692
Factory Burrito Grande (ABQ),Cheesecake Factory,1890,26,285,45,4590,96,23,0,0,0,0,1234322,1.028964019
Island Style Ahi Poke Bowl with White Rice (HI),Cheesecake Factory,1040,30,50,5,2600,41,9,0,0,0,0,1234322,1.069914843
Island Style Ahi Poke Bowl with Kale-Cashew Salad (HI),Cheesecake Factory,1270,54,50,10,3330,42,13,0,0,0,0,1234322,0.851474202
Famous Factory Meatloaf,Cheesecake Factory,1930,59,405,55,5100,75,9,0,0,0,0,1234322,0.538095116
Chicken Madeira,Cheesecake Factory,1300,11,415,35,2120,89,9,0,0,0,0,1234322,1.066699316
Chicken Bellagio,Cheesecake Factory,2020,6,395,32,4230,98,7,0,0,0,0,1234322,0.938700384
Chicken & Biscuits,Cheesecake Factory,1950,28,475,58,3080,83,10,0,0,0,0,1234322,0.685406996
Crusted Chicken Romano,Cheesecake Factory,1800,20,435,37,4110,107,13,0,0,0,0,1234322,1.019376641
Orange Chicken,Cheesecake Factory,1870,77,95,13,3000,57,6,0,0,0,0,1234322,0.71338052
Parmesan-Herb Crusted Chicken,Cheesecake Factory,1350,5,410,41,2760,105,6,0,0,0,0,1234322,1.073084566
Crispy Chicken Costoletta,Cheesecake Factory,1800,9,500,51,2640,77,12,0,0,0,0,1234322,0.763664226
Chicken Piccata,Cheesecake Factory,1420,7,355,44,2520,79,6,0,0,0,0,1234322,0.841757644
Spicy Cashew Chicken,Cheesecake Factory,1820,62,150,8,4200,94,14,0,0,0,0,1234322,1.220240749
Chicken Marsala and Mushrooms,Cheesecake Factory,1680,16,310,34,4250,93,8,0,0,0,0,1234322,0.934355819
Bang-Bang Chicken and Shrimp,Cheesecake Factory,1390,26,240,22,1380,76,8,0,0,0,0,1234322,1.215150933
Tomato Basil Pasta,Cheesecake Factory,1720,44,115,18,4750,72,18,0,0,0,0,1234322,1.02330568
Fettuccini Alfredo,Cheesecake Factory,2040,9,310,84,2650,53,6,0,0,0,0,1234322,0.419973798
Fettuccini Alfredo with Chicken,Cheesecake Factory,2180,9,375,85,2980,79,6,0,0,0,0,1234322,0.556150227
Pasta Carbonara,Cheesecake Factory,2070,11,320,69,3560,51,10,0,0,0,0,1234322,0.47036827
Pasta Carbonara with Chicken,Cheesecake Factory,2210,11,390,70,4270,78,11,0,0,0,0,1234322,0.611680707
Chicken and Broccoli Pasta,Cheesecake Factory,1200,6,150,21,5640,68,12,0,0,0,0,1234322,0.946900443
Four Cheese Pasta,Cheesecake Factory,1280,23,115,26,4110,49,11,0,0,0,0,1234322,0.750968312
Four Cheese Pasta with Chicken,Cheesecake Factory,1420,23,180,27,4830,76,11,0,0,0,0,1234322,0.916119321
Spaghetti and Meatballs,Cheesecake Factory,1920,34,140,24,5550,66,19,0,0,0,0,1234322,0.873545765
Evelyn's Favorite Pasta,Cheesecake Factory,1270,12,75,27,2520,29,11,0,0,0,0,1234322,0.681148076
Pasta da Vinci,Cheesecake Factory,1560,20,265,36,2390,72,10,0,0,0,0,1234322,0.916448822
Louisiana Chicken Pasta,Cheesecake Factory,2270,17,555,67,4340,98,10,0,0,0,0,1234322,0.676581004
Farfalle with Chicken and Roasted Garlic,Cheesecake Factory,1820,17,290,48,4070,81,13,0,0,0,0,1234322,0.81592939
Spicy Chicken Chipotle Pasta,Cheesecake Factory,1770,24,215,37,3230,67,13,0,0,0,0,1234322,0.845333964
Bistro Shrimp Pasta,Cheesecake Factory,2170,12,480,69,3240,58,10,0,0,0,0,1234322,0.487282303
Pasta with Shrimp and Sausage (HI),Cheesecake Factory,1780,28,205,30,7000,70,14,0,0,0,0,1234322,0.711417408
Shrimp with Angel Hair,Cheesecake Factory,1570,23,105,14,5270,53,16,0,0,0,0,1234322,0.889293671
Cajun Jambalaya Pasta,Cheesecake Factory,1560,18,735,32,3470,125,7,0,0,0,0,1234322,1.026319206
Fish & Chips,Cheesecake Factory,1860,31,195,24,2940,53,9,0,0,0,0,1234322,0.738216941
Fried Shrimp Platter,Cheesecake Factory,1920,38,270,21,3140,50,13,0,0,0,0,1234322,0.727022093
Shrimp and Chicken Gumbo,Cheesecake Factory,1450,12,445,38,2290,85,2,0,0,0,0,1234322,0.828701991
Shrimp Scampi,Cheesecake Factory,1260,7,335,37,2340,41,7,0,0,0,0,1234322,0.562677194
Seared Ahi Tuna (HI),Cheesecake Factory,990,33,50,4.5,2730,45,9,0,0,0,0,1234322,1.117041823
Thai Glazed Salmon (PR),Cheesecake Factory,1040,19,130,11,1470,70,6,0,0,0,0,1234322,1.599909714
Jamaican Black Pepper Shrimp,Cheesecake Factory,1290,70,360,7,1940,67,16,0,0,0,0,1234322,1.076623822
Jamaican Black Pepper Chicken,Cheesecake Factory,1390,69,225,7,1710,90,13,0,0,0,0,1234322,1.444620567
Jamaican Black Pepper Chicken and Shrimp,Cheesecake Factory,1340,69,275,8,1720,72,17,0,0,0,0,1234322,1.243861017
Fresh Grilled Salmon,Cheesecake Factory,1230,7,230,25,1870,62,10,0,0,0,0,1234322,1.113857741
Herb Crusted Filet of Salmon,Cheesecake Factory,1350,4,290,43,1620,64,5,0,0,0,0,1234322,0.796856867
Miso Salmon,Cheesecake Factory,1340,27,240,31,1430,64,5,0,0,0,0,1234322,0.871988533
Macadamia Crusted Fresh Hawaiian Fish - Mahi (HI),Cheesecake Factory,1340,12,290,25,1310,64,6,0,0,0,0,1234322,1.010681798
Macadamia Crusted Fresh Hawaiian Fish - Ahi (HI),Cheesecake Factory,1420,12,230,26,1440,79,6,0,0,0,0,1234322,1.231407542
Macadamia Crusted Fresh Hawaiian Fish - Salmon (HI),Cheesecake Factory,1660,12,235,32,1260,65,6,0,0,0,0,1234322,0.946154324
Macadamia Crusted Fresh Hawaiian Fish - Ono (HI),Cheesecake Factory,1410,12,220,26,1500,75,6,0,0,0,0,1234322,1.180472588
Sesame Crusted Fresh Hawaiian Fish - Mahi (HI),Cheesecake Factory,1470,19,235,7,5010,88,15,0,0,0,0,1234322,1.296546612
Sesame Crusted Fresh Hawaiian Fish - Ahi (HI),Cheesecake Factory,1490,19,150,7,5060,96,15,0,0,0,0,1234322,1.470487596
Sesame Crusted Fresh Hawaiian Fish - Salmon (HI),Cheesecake Factory,1720,19,155,13,4880,83,15,0,0,0,0,1234322,1.212189446
Shrimp Scampi and Steak Diane,Cheesecake Factory,1780,17,470,54,2340,72,7,0,0,0,0,1234322,0.648597237
Chicken Madeira and Steak Diane,Cheesecake Factory,1570,21,345,36,2760,89,8,0,0,0,0,1234322,0.964385754
Steak Diane and Herb Crusted Salmon,Cheesecake Factory,1730,15,355,49,2320,82,7,0,0,0,0,1234322,0.813669092
Chicken Madeira and Herb Crusted Salmon,Cheesecake Factory,1480,14,375,51,2080,72,7,0,0,0,0,1234322,0.738075346
Chicken Madeira and Shrimp Scampi,Cheesecake Factory,1530,16,485,55,2100,62,7,0,0,0,0,1234322,0.585258388
Shrimp Scampi and Herb Crusted Salmon,Cheesecake Factory,1690,9,495,68,1670,56,6,0,0,0,0,1234322,0.490467819
Carne Asada Steak,Cheesecake Factory,1290,20,190,24,1350,57,8,0,0,0,0,1234322,1.028567844
Steak Diane,Cheesecake Factory,1150,14,260,27,2750,76,6,0,0,0,0,1234322,1.016027733
Hibachi Steak,Cheesecake Factory,1380,37,270,34,3280,57,10,0,0,0,0,1234322,0.685996608
Chargrilled New York Steak,Cheesecake Factory,1000,3,215,28,1770,63,7,0,0,0,0,1234322,1.095399302
Grilled Rib-Eye Steak,Cheesecake Factory,1250,3,270,40,2190,75,7,0,0,0,0,1234322,0.964256624
Filet Mignon,Cheesecake Factory,870,3,265,22,1610,74,7,0,0,0,0,1234322,1.360776088
French Fries,Cheesecake Factory,1060,25,0,8,2500,11,10,0,0,0,0,1234322,0.573254695
Green Beans,Cheesecake Factory,140,2,0,6,300,3,4,0,0,0,0,1234322,0.938397885
Sweet Potato Fries,Cheesecake Factory,1010,58,10,9,1800,7,14,0,0,0,0,1234322,0.545899572
Fresh Corn,Cheesecake Factory,270,11,0,6,610,8,8,0,0,0,0,1234322,1.210893996
Mashed Potatoes,Cheesecake Factory,450,2,80,15,820,5,4,0,0,0,0,1234322,0.370618456
Sauteed Spinach,Cheesecake Factory,650,1,125,41,1100,7,5,0,0,0,0,1234322,0.242080886
Macaroni & Cheese,Cheesecake Factory,1550,9,345,67,2690,50,5,0,0,0,0,1234322,0.444773125
Broccoli,Cheesecake Factory,260,2,10,3,710,8,8,0,0,0,0,1234322,1.683137353
Steamed White Rice (PR),Cheesecake Factory,440,0,0,0.5,80,10,2,0,0,0,0,1234322,2.425352425
Black Beans (PR),Cheesecake Factory,340,5,0,0,940,20,20,0,0,0,0,1234322,4.10451176
Plantains (PR),Cheesecake Factory,630,97,0,1.5,810,6,12,0,0,0,0,1234322,0.511312322
Rice and Beans (PR),Cheesecake Factory,390,3,0,0.5,510,15,11,0,0,0,0,1234322,3.452277792
Grilled Asparagus,Cheesecake Factory,120,0,0,4.5,450,5,3,0,0,0,0,1234322,1.077405182
Farm Fresh Eggs,Cheesecake Factory,280,0,425,12,150,13,0,0,0,0,0,1234322,0.292544518
Farm Fresh Eggs with Old Smokehouse¨ Bacon,Cheesecake Factory,480,3,465,18,220,25,0,0,0,0,0,1234322,0.439266616
Farm Fresh Eggs with Grilled Ham,Cheesecake Factory,440,1,505,14,1770,44,0,0,0,0,0,1234322,0.648413139
Factory Huevos Rancheros,Cheesecake Factory,1080,12,885,27,2370,57,17,0,0,0,0,1234322,0.71481937
Brioche Breakfast Sandwich,Cheesecake Factory,1030,9,530,28,1920,48,5,0,0,0,0,1234322,0.606080978
Plain Omelette,Cheesecake Factory,630,1,670,17,790,22,0,0,0,0,0,1234322,0.292412305
Bacon,Cheesecake Factory,140,1,25,4.5,230,5,0,0,0,0,0,1234322,0.501672241
Ham,Cheesecake Factory,60,0,30,0.5,610,12,0,0,0,0,0,1234322,1.427832385
Cheddar Cheese,Cheesecake Factory,230,0,70,12,380,13,0,0,0,0,0,1234322,0.583718358
Jack Cheese,Cheesecake Factory,210,0,70,11,380,12,0,0,0,0,0,1234322,0.569502717
Swiss Cheese,Cheesecake Factory,220,0,45,10,115,17,0,0,0,0,0,1234322,1.049382716
Fontina Cheese,Cheesecake Factory,180,0,45,10,400,13,0,0,0,0,0,1234322,0.711227402
Avocado,Cheesecake Factory,40,0,0,0,1,0,2,0,0,0,0,1234322,8.738601824
Roasted Peppers,Cheesecake Factory,20,3,0,0,10,1,1,0,0,0,0,1234322,1.873433584
Fresh Mushrooms,Cheesecake Factory,15,0,0,0,10,2,1,0,0,0,0,1234322,15.97640891
Asparagus,Cheesecake Factory,25,1,0,0,80,2,1,0,0,0,0,1234322,2.81329333
Spinach,Cheesecake Factory,5,0,0,0,20,1,1,0,0,0,0,1234322,12.44105409
Bell Peppers,Cheesecake Factory,15,2,0,0,1,1,1,0,0,0,0,1234322,2.905733722
Fresh Tomato,Cheesecake Factory,10,1,0,0,2,0,1,0,0,0,0,1234322,3.451380552
California Omelette,Cheesecake Factory,1170,4,970,44,1550,57,3,0,0,0,0,1234322,0.460387436
"Spinach, Mushroom, Bacon and Cheese Omelette",Cheesecake Factory,730,2,745,30,1480,41,1,0,0,0,0,1234322,0.425152189
Loco Moco (HI),Cheesecake Factory,1750,5,595,34,1960,81,4,0,0,0,0,1234322,0.799770812
Breakfast Burrito,Cheesecake Factory,2260,20,960,72,4620,89,21,0,0,0,0,1234322,0.611779301
Breakfast Potatoes,Cheesecake Factory,630,15,10,9,790,8,6,0,0,0,0,1234322,0.648985131
Steamed White Rice (HI),Cheesecake Factory,440,0,0,0.5,80,10,2,0,0,0,0,1234322,2.425352425
Sliced Tomatoes,Cheesecake Factory,25,3,0,0,5,1,2,0,0,0,0,1234322,3.060927428
White Toast,Cheesecake Factory,330,8,0,2.5,730,10,2,0,0,0,0,1234322,0.884257386
Wheat Toast,Cheesecake Factory,270,8,0,0.5,560,10,5,0,0,0,0,1234322,1.679618607
Bagel,Cheesecake Factory,360,7,0,0,580,11,2,0,0,0,0,1234322,1.273339123
English Muffin,Cheesecake Factory,190,2,0,0,310,6,2,0,0,0,0,1234322,1.773915045
Sourdough Baguette,Cheesecake Factory,260,1,0,0,660,9,2,0,0,0,0,1234322,1.438521677
Wheat Baguette,Cheesecake Factory,370,15,0,0.5,550,12,5,0,0,0,0,1234322,1.39685764
Giant Belgian Waffle,Cheesecake Factory,690,50,115,22,680,6,1,0,0,0,0,1234322,0.124611882
"Giant Belgian Waffle with Strawberries, Pecans and Chantilly Cream",Cheesecake Factory,950,76,135,27,750,8,5,0,0,0,0,1234322,0.205389641
Fried Chicken & Waffles,Cheesecake Factory,1190,54,215,26,1260,44,1,0,0,0,0,1234322,0.539990477
Buttermilk Pancakes,Cheesecake Factory,1370,69,170,26,2740,23,6,0,0,0,0,1234322,0.329050131
Buttermilk Pancakes with Wild Blueberries,Cheesecake Factory,1460,89,170,26,2740,23,9,0,0,0,0,1234322,0.350858764
Caramel Apple Pancakes,Cheesecake Factory,1950,144,240,41,2900,25,8,0,0,0,0,1234322,0.246587733
Cinnamon Roll Pancakes,Cheesecake Factory,2040,137,310,51,2950,23,3,0,0,0,0,1234322,0.164371281
Lemon-Ricotta Pancakes,Cheesecake Factory,1740,121,315,40,2760,28,3,0,0,0,0,1234322,0.221201213
Brunch Combo,Cheesecake Factory,1110,50,555,38,1010,26,2,0,0,0,0,1234322,0.257405615
Bruled French Toast,Cheesecake Factory,1980,112,595,64,1000,33,7,0,0,0,0,1234322,0.257116884
Bruled French Toast with Bacon,Cheesecake Factory,2180,115,635,70,1070,45,7,0,0,0,0,1234322,0.303529898
Bruled French Toast with Grilled Ham,Cheesecake Factory,2140,113,670,66,2620,64,7,0,0,0,0,1234322,0.382405784
Eggs Benedict with Canadian Bacon and Hollandaise,Cheesecake Factory,1290,3,345,57,1740,38,3,0,0,0,0,1234322,0.396932805
Bacon And Avocado Benedict,Cheesecake Factory,1340,10,280,51,1010,35,7,0,0,0,0,1234322,0.495569735
Fried Chicken & Waffles Benedict,Cheesecake Factory,1670,48,425,71,1440,33,3,0,0,0,0,1234322,0.259599499
Green Chilaquiles with Carnitas and Eggs,Cheesecake Factory,1640,14,945,33,2250,85,11,0,0,0,0,1234322,0.760678165
Green Chilaquiles with Chicken and Eggs,Cheesecake Factory,1610,17,990,29,2730,90,11,0,0,0,0,1234322,0.774100044
Monte Cristo Sandwich,Cheesecake Factory,1960,70,870,64,2470,74,6,0,0,0,0,1234322,0.443348633
Jambalaya Hash & Eggs,Cheesecake Factory,1750,15,750,68,2370,44,8,0,0,0,0,1234322,0.359547118
Kids' Brunch with French Toast,Cheesecake Factory,1140,67,320,35,530,23,4,0,0,0,0,1234322,0.304037122
Kids' Brunch with Buttermilk Pancakes,Cheesecake Factory,680,40,85,16,930,14,3,0,0,0,0,1234322,0.368331272
Original,Cheesecake Factory,830,51,265,37,510,12,1,0,0,0,0,1234322,0.157010099
Fresh Strawberry,Cheesecake Factory,1000,66,305,43,550,12,2,0,0,0,0,1234322,0.148986157
Oreo¨ Dream Extreme Cheesecake,Cheesecake Factory,1510,122,290,51,800,15,7,0,0,0,0,1234322,0.194773201
Ultimate Red Velvet Cake Cheesecakeª,Cheesecake Factory,1580,104,350,62,630,14,1,0,0,0,0,1234322,0.106507958
Reese's¨ Peanut Butter Chocolate Cake Cheesecake,Cheesecake Factory,1510,121,245,44,940,23,8,0,0,0,0,1234322,0.282452027
Godiva¨ Chocolate Cheesecake,Cheesecake Factory,1400,96,380,66,260,15,8,0,0,0,0,1234322,0.200595049
Coconut Cream Pie Cheesecake,Cheesecake Factory,1370,93,335,64,530,12,5,0,0,0,0,1234322,0.147548449
Adam's Peanut Butter Cup Fudge Ripple,Cheesecake Factory,1250,94,245,43,750,18,5,0,0,0,0,1234322,0.232232802
Pineapple Upside-Down Cheesecake,Cheesecake Factory,1260,99,310,47,510,10,1,0,0,0,0,1234322,0.094815582
Celebration Cheesecake,Cheesecake Factory,1380,87,370,58,740,15,1,0,0,0,0,1234322,0.121899329
Classic Basque Cheesecake,Cheesecake Factory,1150,137,830,88,510,30,4,0,0,0,0,1234322,0.173509525
Caramel Apple Cheesecake,Cheesecake Factory,1110,84,280,42,640,12,2,0,0,0,0,1234322,0.140369279
Cinnabon¨ Cinnamon Swirl Cheesecake,Cheesecake Factory,1370,120,275,51,710,10,2,0,0,0,0,1234322,0.098911894
Salted Caramel Cheesecake,Cheesecake Factory,1240,107,300,43,750,15,2,0,0,0,0,1234322,0.148902899
Toasted Marshmallow S'mores Galoreª,Cheesecake Factory,1550,102,350,67,570,14,6,0,0,0,0,1234322,0.163033903
Dulce De Leche Caramel Cheesecake,Cheesecake Factory,1390,83,385,61,600,14,2,0,0,0,0,1234322,0.126427655
White Chocolate Raspberry Truffle¨,Cheesecake Factory,1220,78,365,57,550,13,1,0,0,0,0,1234322,0.114161346
Mango Key Lime Cheesecake,Cheesecake Factory,1300,97,350,54,520,13,2,0,0,0,0,1234322,0.123986529
Fresh Banana Cream Cheesecake,Cheesecake Factory,1250,79,405,56,510,14,3,0,0,0,0,1234322,0.147163682
Very Cherry Ghirardelli¨ Chocolate Cheesecake,Cheesecake Factory,1160,81,295,51,380,11,4,0,0,0,0,1234322,0.153790804
Lemon Raspberry Cream Cheesecake,Cheesecake Factory,1040,72,320,42,420,10,2,0,0,0,0,1234322,0.127808671
Chocolate Tuxedo Cream¨ Cheesecake,Cheesecake Factory,1250,87,305,55,400,11,5,0,0,0,0,1234322,0.158023309
Chocolate Caramelicious Cheesecake Made With Snickers¨,Cheesecake Factory,1370,96,340,50,400,19,6,0,0,0,0,1234322,0.231699501
Chocolate Mousse Cheesecake,Cheesecake Factory,1220,69,385,58,480,13,4,0,0,0,0,1234322,0.157809195
Lemon Meringue Cheesecake,Cheesecake Factory,1170,95,315,48,510,13,1,0,0,0,0,1234322,0.120077479
Hershey's¨ Chocolate Bar Cheesecake,Cheesecake Factory,1320,109,275,49,610,14,7,0,0,0,0,1234322,0.204731727
30th Anniversary Chocolate Cake Cheesecake,Cheesecake Factory,1310,102,295,51,600,16,6,0,0,0,0,1234322,0.205836419
Low-Licious Cheesecake,Cheesecake Factory,570,5,195,26,460,10,7,0,0,0,0,1234322,0.443786982
Low-Licious Cheesecake with  Strawberries,Cheesecake Factory,580,7,195,26,460,10,8,0,0,0,0,1234322,0.470653378
Vanilla Bean Cheesecake,Cheesecake Factory,1170,68,325,57,480,11,1,0,0,0,0,1234322,0.10502426
Tiramisu Cheesecake,Cheesecake Factory,980,64,310,41,450,11,1,0,0,0,0,1234322,0.126616667
Key Lime Cheesecake,Cheesecake Factory,1160,74,470,53,430,13,1,0,0,0,0,1234322,0.114376363
Caramel Pecan Turtle Cheesecake,Cheesecake Factory,1300,102,340,50,450,15,6,0,0,0,0,1234322,0.19722613
Fresh Pineapple Cheesecake (HI),Cheesecake Factory,1140,91,315,45,520,13,1,0,0,0,0,1234322,0.124961942
Pumpkin,Cheesecake Factory,1040,60,330,48,500,10,2,0,0,0,0,1234322,0.12479724
Pumpkin Pecan,Cheesecake Factory,1270,74,355,46,450,14,4,0,0,0,0,1234322,0.182455213
A La Mode,Cheesecake Factory,400,34,95,16,110,8,0,0,0,0,0,1234322,0.195647551
Hot Fudge,Cheesecake Factory,280,19,40,13,20,3,3,0,0,0,0,1234322,0.31848164
Linda's Fudge Cake,Cheesecake Factory,1450,165,145,29,1040,13,9,0,0,0,0,1234322,0.22674827
Carrot Cake,Cheesecake Factory,1720,116,300,57,1060,15,5,0,0,0,0,1234322,0.159718249
Chocolate Tower Truffle Cakeª,Cheesecake Factory,1770,143,375,60,970,20,11,0,0,0,0,1234322,0.235500094
Tiramisu,Cheesecake Factory,1270,66,455,52,340,13,1,0,0,0,0,1234322,0.118865918
Warm Apple Crisp,Cheesecake Factory,1000,139,105,19,390,9,3,0,0,0,0,1234322,0.151141654
Fresh Strawberry Shortcake,Cheesecake Factory,1340,77,265,47,1140,25,3,0,0,0,0,1234322,0.255575155
Bowl of Fresh Strawberries,Cheesecake Factory,250,19,55,9,15,3,5,0,0,0,0,1234322,0.520964256
Hot Fudge Sundae,Cheesecake Factory,1280,97,260,51,220,20,6,0,0,0,0,1234322,0.252073853
Factory Hot Chocolate,Cheesecake Factory,820,65,165,34,160,12,4,0,0,0,0,1234322,0.237530057
Godiva¨ Chocolate Brownie Sundae - Serves 2-4,Cheesecake Factory,1750,134,330,71,420,25,10,0,0,0,0,1234322,0.255478912
Bowl of Vanilla Ice Cream,Cheesecake Factory,750,57,195,32,180,13,0,0,0,0,0,1234322,0.169127213
Chocolate Milkshake,Cheesecake Factory,1260,123,220,43,410,22,2,0,0,0,0,1234322,0.207843916
Vanilla Milkshake,Cheesecake Factory,1210,117,220,42,370,21,0,0,0,0,0,1234322,0.176791401
Strawberry Milkshake,Cheesecake Factory,1210,131,190,37,320,19,4,0,0,0,0,1234322,0.223540138
Oreo¨ Milkshake,Cheesecake Factory,1630,134,235,50,770,26,2,0,0,0,0,1234322,0.207865504
Strawberry Fruit Smoothie,Cheesecake Factory,320,62,0,2.5,20,2,4,0,0,0,0,1234322,0.298066214
Tropical Smoothie,Cheesecake Factory,370,83,0,2.5,30,1,2,0,0,0,0,1234322,0.115262944
Peach Smoothie,Cheesecake Factory,330,78,0,0,15,2,3,0,0,0,0,1234322,0.212447314
Frozen Iced Mango,Cheesecake Factory,380,85,0,2.5,20,2,2,0,0,0,0,1234322,0.137654804
Little House Salad,Cheesecake Factory,260,5,0,2,250,2,3,0,0,0,0,1234322,0.838524706
Chicken Taquitos,Cheesecake Factory,390,5,50,7,850,16,13,0,0,0,0,1234322,1.659889402
Chicken Samosas,Cheesecake Factory,420,8,100,5,1220,28,3,0,0,0,0,1234322,1.124068596
Stuffed Mushrooms,Cheesecake Factory,510,5,105,22,500,15,4,0,0,0,0,1234322,0.547442453
Crispy Brussels Sprouts,Cheesecake Factory,570,15,30,13,410,8,8,0,0,0,0,1234322,0.736347405
Beet and Avocado Salad,Cheesecake Factory,290,28,5,3,480,7,9,0,0,0,0,1234322,1.067763479
Asian Chicken Lettuce Wrap Tacos,Cheesecake Factory,450,32,80,4,1040,29,3,0,0,0,0,1234322,0.963010463
Dynamite Shrimp,Cheesecake Factory,500,3,155,7,750,19,1,0,0,0,0,1234322,0.691587562
Chicken Pot Stickers,Cheesecake Factory,420,14,100,3,2690,31,1,0,0,0,0,1234322,0.764985218
Ahi Tartare (HI),Cheesecake Factory,240,3,25,2,680,14,4,0,0,0,0,1234322,1.60419743
Tossed Green Salad,Cheesecake Factory,110,4,1,1.5,125,4,3,0,0,0,0,1234322,1.74781499
Tossed Green Salad with SK Mustard Vinaigrette,Cheesecake Factory,200,7,1,1.5,1030,5,4,0,0,0,0,1234322,0.792449771
Tossed Green Salad with SK Sesame Soy Dressing,Cheesecake Factory,220,17,1,1.5,1610,6,4,0,0,0,0,1234322,0.534987401
SkinnyLicious¨ Factory Chopped Salad,Cheesecake Factory,500,16,80,9,1500,29,11,0,0,0,0,1234322,1.254431583
SkinnyLicious¨ Asian Chicken Salad,Cheesecake Factory,590,25,80,3.5,2710,44,11,0,0,0,0,1234322,1.317697036
Mexican Tortilla Salad,Cheesecake Factory,550,19,65,4.5,1940,29,12,0,0,0,0,1234322,1.299608362
Seared Tuna Tataki Salad (HI),Cheesecake Factory,480,8,55,2.5,1380,42,5,0,0,0,0,1234322,1.946314832
SkinnyLicious¨ Hamburger,Cheesecake Factory,570,9,105,11,1180,35,3,0,0,0,0,1234322,1.074446447
Impossible¨ Burger,Cheesecake Factory,560,9,5,10,1520,30,8,0,0,0,0,1234322,1.352205631
SkinnyLicious¨ Crispy Chicken Sandwich,Cheesecake Factory,560,10,55,6,1190,25,3,0,0,0,0,1234322,1.025077252
SkinnyLicious¨ Spicy Crispy Chicken Sandwich,Cheesecake Factory,580,11,55,6,1290,25,3,0,0,0,0,1234322,0.976614536
SkinnyLicious¨ Grilled Turkey Burger,Cheesecake Factory,560,12,105,11,1030,29,5,0,0,0,0,1234322,1.015313248
SkinnyLicious¨ Turkey & Avocado Sandwich,Cheesecake Factory,550,10,80,8,1650,38,4,0,0,0,0,1234322,1.214132583
SkinnyLicious¨ Chicken Soft Tacos,Cheesecake Factory,510,13,80,3.5,830,32,12,0,0,0,0,1234322,2.02759401
SkinnyLicious¨ Shrimp Soft Tacos,Cheesecake Factory,510,13,185,3,940,31,12,0,0,0,0,1234322,1.550808689
SkinnyLicious¨ Chicken Pasta,Cheesecake Factory,590,10,90,1.5,1760,46,7,0,0,0,0,1234322,1.788752991
Tuscan Chicken,Cheesecake Factory,590,5,235,3.5,1020,81,5,0,0,0,0,1234322,2.502448552
Lemon-Garlic Shrimp,Cheesecake Factory,550,3,200,11,3610,33,5,0,0,0,0,1234322,0.671667037
SkinnyLicious¨ Grilled Salmon,Cheesecake Factory,590,12,105,7,1020,45,7,0,0,0,0,1234322,1.712861028
Grilled Steak Medallions,Cheesecake Factory,440,6,140,10,1320,45,4,0,0,0,0,1234322,1.386350625
Brown Rice,Flame Broiler,330,0,0,0,50,6,9,0,0,0,0,1234323,5.909695659
Salad,Flame Broiler,60,8,0,0,50,3,6,0,0,0,0,1234323,3.23848636
Veggies,Flame Broiler,60,6,0,0,30,3,5,0,0,0,0,1234323,3.658095238
White Rice,Flame Broiler,350,0,0,0,35,6,4,0,0,0,0,1234323,3.454693878
Angus Beef (Pre-Marinated),Flame Broiler,310,17,90,3.5,1000,36,0,0,0,0,0,1234323,1.281337047
Chicken (cooked without sauce),Flame Broiler,300,0,215,3.5,125,46,0,0,0,0,0,1234323,2.098512397
Chicken (cooked with sauce),Flame Broiler,300,5,230,3,580,45,0,0,0,0,0,1234323,1.585801839
Tofu (cooked without sauce),Flame Broiler,190,0,0,1.5,25,23,1,0,0,0,0,1234323,6.851820055
Tofu (cooked with sauce),Flame Broiler,200,2,0,1,420,23,3,0,0,0,0,1234323,3.805217536
White Meat Chicken (cooked without sauce),Flame Broiler,230,0,175,1.5,60,48,0,0,0,0,0,1234323,3.002175489
White Meat Chicken (cooked with sauce),Flame Broiler,290,6,175,3,660,45,0,0,0,0,0,1234323,1.750577888
Avocado,Flame Broiler,90,0,0,1,0,1,4,0,0,0,0,1234323,4.285714286
Naval Orange,Flame Broiler,70,12,0,0,0,1,3,0,0,0,0,1234323,1.155844156
Side - Salad,Flame Broiler,15,2,0,0,10,0,1,0,0,0,0,1234323,1.722072477
Chicken Finger,Raising Canes,130,0,40,1,190,13,1,0,0,0,0,1234324,2.233882824
Crinkle-Cut Fries,Raising Canes,390,1,0,2,310,5,7,0,0,0,0,1234324,1.945384244
Texas Toast,Raising Canes,140,4,0,1.5,260,4,1,0,0,0,0,1234324,0.855764814
Coleslaw,Raising Canes,100,7,5,1,310,1,1,0,0,0,0,1234324,0.355820596
Chicken Sandwich,Raising Canes,780,13,120,6,1470,48,5,0,0,0,0,1234324,1.430991413
The Kids Combo,Raising Canes,630,5,85,6,1100,29,5,0,0,0,0,1234324,1.284326166
The 3 Finger Combo,Raising Canes,1020,9,125,9,1640,47,10,0,0,0,0,1234324,1.428753865
The Box Combo,Raising Canes,1250,16,170,11,2130,61,12,0,0,0,0,1234324,1.379440573
The Caniac Combo,Raising Canes,1790,21,255,16,3160,89,15,0,0,0,0,1234324,1.33427097
The Chicken Sandwich Combo,Raising Canes,1080,13,120,8,1700,52,10,0,0,0,0,1234324,1.49322889
Lemonad - THE JUG,Raising Canes,1750,440,0,0,130,1,1,0,0,0,0,1234324,0.01431284
Chicken Parm Dip,Mendocino Farms,930,4,110,12,1990,46,3,0,0,0,0,1234325,1.080345982
French Countryside Cobb,Mendocino Farms,760,15,245,13,1490,31,7,0,0,0,0,1234325,0.778316565
"""Not So Fried"" Chicken",Mendocino Farms,900,10,85,6,1350,35,5,0,0,0,0,1234325,1.206636715
Peruvian Steak Sandwich,Mendocino Farms,760,13,110,13,2180,38,3,0,0,0,0,1234325,0.832352918
Prosciutto & Chicken,Mendocino Farms,830,8,90,11,1400,45,7,0,0,0,0,1234325,1.413682523
Mendo's Original Pork Belly Banh Mi,Mendocino Farms,780,10,70,11,780,24,4,0,0,0,0,1234325,0.909299739
Chimichurri Steak and Bacon,Mendocino Farms,940,18,110,10,2020,38,3,0,0,0,0,1234325,0.841909961
Vegan Banh Mi,Mendocino Farms,670,17,0,3.5,1580,22,4,0,0,0,0,1234325,0.948070317
The Farm Club,Mendocino Farms,760,7,100,8,1620,40,6,0,0,0,0,1234325,1.295264182
A Sandwich Study of Heat,Mendocino Farms,730,4,95,7,1670,40,7,0,0,0,0,1234325,1.428374275
Sweet Heat Crispy Thai Chicken Sandwich (turbo chef),Mendocino Farms,910,34,105,12,1950,35,6,0,0,0,0,1234325,0.779355549
Sweet Heat Thai Chicken Sandwich,Mendocino Farms,750,32,115,10,1750,30,5,0,0,0,0,1234325,0.731959405
Chicken Pesto Caprese,Mendocino Farms,860,5,90,10,1150,42,4,0,0,0,0,1234325,1.342701015
Chicken Pesto Caprese - Vegetarian,Mendocino Farms,1010,5,75,18,780,39,4,0,0,0,0,1234325,1.101718794
Avocado & Quinoa Superfood Ensalada,Mendocino Farms,690,10,20,8,1090,19,15,0,0,0,0,1234325,1.541004968
The Impossible Taco Salad,Mendocino Farms,640,7,0,8,980,19,16,0,0,0,0,1234325,1.849463924
"The ""Beyond"" Taco Salad - Tustin location only",Mendocino Farms,650,7,0,6,950,20,15,0,0,0,0,1234325,1.985738012
Pink Lady Beets & Goat Cheese Salad,Mendocino Farms,840,36,75,9,1030,34,8,0,0,0,0,1234325,1.055275018
The Modern Caesar,Mendocino Farms,610,6,130,10,990,21,7,0,0,0,0,1234325,0.936398623
"""Not So Fried"" Chicken - Salad Style",Mendocino Farms,740,21,65,4.5,1510,31,7,0,0,0,0,1234325,1.151897763
Mama Chen's Chinese Chicken Salad,Mendocino Farms,640,17,60,2,1010,33,5,0,0,0,0,1234325,1.49837965
Mama Chen's Chinese Vegan-Style Salad,Mendocino Farms,750,19,0,4,1300,27,6,0,0,0,0,1234325,1.240424098
Thai Mango Salad,Mendocino Farms,840,38,60,14,1780,35,12,0,0,0,0,1234325,0.988617568
Grilled Cheddar Cheese Sandwich,Mendocino Farms,610,8,130,21,650,22,2,0,0,0,0,1234325,0.573108316
Peanut Butter & Jelly,Mendocino Farms,520,24,40,4.5,410,14,5,0,0,0,0,1234325,0.898036799
Cheddar Cheese Quesadilla,Mendocino Farms,410,0,45,11,670,16,7,0,0,0,0,1234325,1.191168454
Turkey & Cheddar Sandwich,Mendocino Farms,540,8,125,14,740,26,2,0,0,0,0,1234325,0.79135455
Crispy Chicken (turbo chef),Mendocino Farms,320,3,60,2.5,670,30,2,0,0,0,0,1234325,2.00712986
Ciabatta,Mendocino Farms,260,0,0,0.5,160,7,2,0,0,0,0,1234325,2.353754667
Gluten Free Bread,Mendocino Farms,420,8,0,2,920,6,6,0,0,0,0,1234325,0.960591133
Mom's Seeded Whole Wheat,Mendocino Farms,320,4,10,2,400,8,2,0,0,0,0,1234325,1.057241223
Potato Brioche Hoagie,Mendocino Farms,240,3,35,1,500,8,2,0,0,0,0,1234325,1.025730436
Rustic White,Mendocino Farms,320,0,0,0,560,10,2,0,0,0,0,1234325,1.681804187
Sesame Brioche,Mendocino Farms,280,8,40,2,250,8,2,0,0,0,0,1234325,0.901160916
Sesame Roll,Mendocino Farms,300,1,0,0.5,640,8,2,0,0,0,0,1234325,1.222521163
Soft Roll,Mendocino Farms,340,1,0,0,770,9,2,0,0,0,0,1234325,1.197774885
Walnut Cranberry Bread,Mendocino Farms,340,18,0,1,440,8,4,0,0,0,0,1234325,0.981639555
White Rye,Mendocino Farms,280,0,0,0,820,10,4,0,0,0,0,1234325,1.726294721
Whole Wheat Tortilla,Mendocino Farms,230,0,0,3,400,5,7,0,0,0,0,1234325,1.993561169
Red Beets & Farro Salad Medium,Mendocino Farms,430,18,5,3,380,9,8,0,0,0,0,1234325,1.283830832
Spicy Dijon Potato Salad Medium,Mendocino Farms,540,2,0,2,860,4,3,0,0,0,0,1234325,0.596822756
Kale and Apple Salad Medium,Mendocino Farms,510,16,0,7,250,2,6,0,0,0,0,1234325,0.614991738
Curried Couscous Medium,Mendocino Farms,580,13,0,0,1210,4,4,0,0,0,0,1234325,0.517748918
Basil Pesto Shells Medium,Mendocino Farms,560,2,30,8,990,17,4,0,0,0,0,1234325,0.965378502
Almond Romesco Shells Medium,Mendocino Farms,350,4,0,2,660,10,4,0,0,0,0,1234325,1.335203909
Creamy Potato Leek Soup cup,Mendocino Farms,140,5,20,4,410,2,2,0,0,0,0,1234325,0.45301505
Vegan Chili cup,Mendocino Farms,100,5,0,0,530,5,4,0,0,0,0,1234325,1.595918367
Turkey Hot Dog on a Stick,Hot Dog On A Stick,240,6,40,1,400,7,1,0,0,0,0,1234326,0.735518425
Veggie Dog On a Stick,Hot Dog On A Stick,200,6,10,1,380,12,1,0,0,0,0,1234326,1.471101586
Beef Hot Dog On a Stick,Hot Dog On A Stick,330,6,40,8,520,9,1,0,0,0,0,1234326,0.516349327
American Cheese On a Stick,Hot Dog On A Stick,260,6,40,7,600,9,0,0,0,0,0,1234326,0.452623907
Pepperjack Cheese On a Stick,Hot Dog On A Stick,260,6,40,7,510,8,1,0,0,0,0,1234326,0.512302189
French Fries,Hot Dog On A Stick,1000,0,0,9,1380,9,9,0,0,0,0,1234326,0.80875576
Funnel Cake Sticks Powder Sugar,Hot Dog On A Stick,420,19,40,7,340,4,0,0,0,0,0,1234326,0.16377878
Funnel Cake Sticks Chocolate Sauce,Hot Dog On A Stick,600,58,40,8,424,6,0,0,0,0,0,1234326,0.137761214
Funnel Cake Sticks Raspberry Sauce,Hot Dog On A Stick,540,44,40,8,380,4,0,0,0,0,0,1234326,0.108192866
chocolate chip cookie,Tender Greens,400,29,45,12,370,5,2,0,0,0,0,1234327,0.253462146
carrot cake,Tender Greens,500,45,45,5,430,5,2,0,0,0,0,1234327,0.246736993
caramel cookie,Tender Greens,420,33,55,11,670,5,1,0,0,0,0,1234327,0.179076832
olive oil cake,Tender Greens,370,32,40,3,125,4,1,0,0,0,0,1234327,0.248809153
roasted tomato (cup),Tender Greens,160,15,0,1,3090,8,7,0,0,0,0,1234327,0.577960284
rustic chicken (cup),Tender Greens,110,2,40,1,660,11,1,0,0,0,0,1234327,1.130898969
chipotle barbecue chicken,Tender Greens,653,8,81,8,1268,28,7,0,0,0,0,1234327,1.185733016
chinese chicken,Tender Greens,656,7,58,5,1201,33,6,0,0,0,0,1234327,1.524731941
grilled chicken cobb,Tender Greens,663,4,198,7,1045,28,6,0,0,0,0,1234327,1.031914348
harvest chicken,Tender Greens,960,19,175,12,1970,52,5,0,0,0,0,1234327,1.050545112
tuna nicoise,Tender Greens,650,4,160,5,1210,32,6,0,0,0,0,1234327,1.24573554
inecliterranean steak,Tender Greens,800,14,120,13,920,45,7,0,0,0,0,1234327,1.349765258
salt & pepper chicken,Tender Greens,250,0,150,2.5,370,39,0,0,0,0,0,1234327,2.140811456
chipotle barbecue chicken,Tender Greens,300,2,155,2.5,290,32,0,0,0,0,0,1234327,1.670575774
fried chicken,Tender Greens,340,0,105,3,270,28,0,0,0,0,0,1234327,1.778023192
katsu chicken,Tender Greens,340,0,105,3,270,28,0,0,0,0,0,1234327,1.778023192
steak,Tender Greens,270,0,95,4.5,240,34,0,0,0,0,0,1234327,2.176656151
ginger soy steak,Tender Greens,270,0,95,4.5,240,34,0,0,0,0,0,1234327,2.176656151
grilled salmon,Tender Greens,160,0,60,1,210,22,0,0,0,0,0,1234327,2.610939112
seared tuna,Tender Greens,190,2,45,1,350,28,0,0,0,0,0,1234327,2.873717091
togarashi tuna,Tender Greens,190,0,45,1,350,28,0,0,0,0,0,1234327,3.13077297
falafel,Tender Greens,1213,15,0,9,2379,24,18,0,0,0,0,1234327,1.174120254
grilled trout,Tender Greens,187,0,69,2,76,25,0,0,0,0,0,1234327,2.737964859
grilled selva shrimp,Tender Greens,146,0,191,1,203,26,0,0,0,0,0,1234327,1.53314988
baby greens,Tender Greens,200,0,0,1,382,1,1,0,0,0,0,1234327,0.440656318
baby spinach,Tender Greens,255,1,3,2,320,3,2,0,0,0,0,1234327,0.828407
baby arugula,Tender Greens,215,1,6,2,350,4,1,0,0,0,0,1234327,0.723804344
romaine hearts,Tender Greens,340,1,22,3,482,5,2,0,0,0,0,1234327,0.688027654
kale,Tender Greens,220,1,6.5,2,316,4.5,1,0,0,0,0,1234327,0.807812043
crostini,Tender Greens,160,0,0,0.5,250,2,1,0,0,0,0,1234327,0.885772417
mashed potatoes,Tender Greens,250,3,30,7,530,4,3,0,0,0,0,1234327,0.540603581
seasonal veggies (avg),Tender Greens,240,5,0,2,175,4,5,0,0,0,0,1234327,1.632037008
brown rice,Tender Greens,240,3,0,0.5,530,4,4,0,0,0,0,1234327,1.279509307
ifngerling potatoes,Tender Greens,208,1,0,1,78,3,3,0,0,0,0,1234327,2.009768776
farm salad,Tender Greens,116,4,0,1,127,3,1,0,0,0,0,1234327,0.983834721
pasta pearl salad,Tender Greens,426,3,1,3,193,8,4,0,0,0,0,1234327,1.483876989
fried chicken,Tender Greens,950,25,185,5,1500,42,3,0,0,0,0,1234327,0.949482161
the original s&p chicken,Tender Greens,810,4,190,12.5,1385,52,4,0,0,0,0,1234327,1.260769013
falafel,Tender Greens,560,8,0,13,1660,17,13,0,0,0,0,1234327,1.1098255
califomia: chipotle chicken,Tender Greens,1009,13,145,6,1877,57,13,0,0,0,0,1234327,1.696636855
california: salmon,Tender Greens,1117,12,141,9,1970,58,13,0,0,0,0,1234327,1.576963108
pacific: katsu chicken,Tender Greens,1113,38,171,4,3963,45,10,0,0,0,0,1234327,0.824995741
Pacific: grilled salmon,Tender Greens,886,37,75,4,3729,18,9,0,0,0,0,1234327,0.523482516
portofino: grilled selva shrimp,Tender Greens,952,5,192,7,691,35,6,0,0,0,0,1234327,1.224641925
portofino: grilled trout,Tender Greens,993,5,70,8,565,35,6,0,0,0,0,1234327,1.549126897
thai: grilled shrimp,Tender Greens,592,20,191,3,1424,33,3,0,0,0,0,1234327,0.912484436
thai: grilled steak,Tender Greens,649,20,45,6,1416,30,3,0,0,0,0,1234327,0.987545734
happier vegan. falafel,Tender Greens,1134,10,0,8,241.2,23,17,0,0,0,0,1234327,2.097587061
happier vegan: grilled salmon,Tender Greens,1283,0,75,12,2605,6,10,0,0,0,0,1234327,0.454576118
Asian Lettuce Wraps (4),Pick Up Stix,230,10,85,1,810,32,1,0,0,0,0,1234328,1.688429265
Chicken Dumplings Crispy (8),Pick Up Stix,300,2,15,1,304,5,2,0,0,0,0,1234328,1.015153744
Chicken Dumplings Steamed (8),Pick Up Stix,115,2,12,1,304,5,2,0,0,0,0,1234328,1.340651868
Chicken Egg Rolls (2),Pick Up Stix,180,3,15,1,260,7,1,0,0,0,0,1234328,1.210008554
Cream Cheese Wontons (6),Pick Up Stix,250,1,30,6,310,5,1,0,0,0,0,1234328,0.499109142
Edamame,Pick Up Stix,150,3,0,0,105,15,2,0,0,0,0,1234328,5.140106584
Vegetable Spring Rolls (4),Pick Up Stix,220,2,0,2,470,8,7,0,0,0,0,1234328,2.255980861
Wonton Soup Medium,Pick Up Stix,170,1,70,1,1530,14,1,0,0,0,0,1234328,0.749167264
Fried Crispy Noodles,Pick Up Stix,70,0,0,0,180,3,1,0,0,0,0,1234328,2.112695366
Chopped Asian Vinaigrette with Chicken,Pick Up Stix,350,12,50,3,540,20,4,0,0,0,0,1234328,1.404256687
Chopped Asian Vinaigrette with Salmon,Pick Up Stix,340,12,25,3,330,15,4,0,0,0,0,1234328,1.407125753
Grilled Salmon Salad,Pick Up Stix,340,12,30,4,520,13,2,0,0,0,0,1234328,0.885143653
Signature Chinese Chicken,Pick Up Stix,340,12,55,4,380,19,2,0,0,0,0,1234328,1.177372673
House Special Salad with Chicken,Pick Up Stix,590,33,90,5,1910,31,4,0,0,0,0,1234328,0.816611481
House Special Salad with Tofu,Pick Up Stix,540,33,5,4,1850,17,6,0,0,0,0,1234328,0.710253199
Chicken & Vegetables,Pick Up Stix,200,4,55,1,630,22,2,0,0,0,0,1234328,1.860426583
Crispy Honey,Pick Up Stix,680,34,50,6,1180,25,2,0,0,0,0,1234328,0.714389249
Firecracker,Pick Up Stix,630,27,75,4,500,22,5,0,0,0,0,1234328,1.015789152
Garlic,Pick Up Stix,250,17,55,1,860,22,2,0,0,0,0,1234328,1.192423175
General's Orange,Pick Up Stix,580,19,60,5,1300,16,3,0,0,0,0,1234328,0.633661359
Grilled Bourbon,Pick Up Stix,340,23,30,3,570,34,3,0,0,0,0,1234328,1.744823218
Grilled Teriyaki Chicken & Vegetables,Pick Up Stix,370,30,90,4,1860,34,7,0,0,0,0,1234328,1.110476586
House Special,Pick Up Stix,620,39,135,5,1860,38,0,0,0,0,0,1234328,0.731136021
Kung Pao,Pick Up Stix,480,19,90,5,1270,29,2,0,0,0,0,1234328,0.945648646
Spicy Korean Chicken & Shrimp,Pick Up Stix,210,12,100,1,1160,17,2,0,0,0,0,1234328,0.834418066
Sweet & Sour,Pick Up Stix,500,44,30,4,780,15,4,0,0,0,0,1234328,0.625811888
Thai Basil Cashew Chicken,Pick Up Stix,330,10,55,3,640,23,2,0,0,0,0,1234328,1.360412979
Thai Coconut Curry,Pick Up Stix,270,9,18,7,950,24,4,0,0,0,0,1234328,1.368263065
Crispy Honey,Pick Up Stix,280,34,55,1,280,20,0,0,0,0,0,1234328,0.851011347
House Special,Pick Up Stix,410,37,115,2,1500,42,0,0,0,0,0,1234328,1.009369231
House Special Chicken w/ Vegetables,Pick Up Stix,330,40,55,1,1480,23,2,0,0,0,0,1234328,0.721339486
Kung Pao,Pick Up Stix,320,19,55,2,1240,26,2,0,0,0,0,1234328,1.085218898
Sweet and Sour,Pick Up Stix,330,42,55,1,260,21,2,0,0,0,0,1234328,0.909125729
Beef and Broccoli,Pick Up Stix,380,17,60,3,950,17,4,0,0,0,0,1234328,0.933567105
Kung Pao,Pick Up Stix,440,19,60,4,1300,25,2,0,0,0,0,1234328,0.912698413
Mongolian,Pick Up Stix,500,16,75,4,1020,26,1,0,0,0,0,1234328,0.949303964
Spicy Korean Beef,Pick Up Stix,350,12,60,4,900,22,2,0,0,0,0,1234328,1.059907834
Crispy Firecracker,Pick Up Stix,690,44,100,3,3220,30,2,0,0,0,0,1234328,0.54002298
Crispy Honey,Pick Up Stix,520,19,100,3,1070,19,2,0,0,0,0,1234328,0.710440914
Garlic,Pick Up Stix,210,17,120,1,1370,12,2,0,0,0,0,1234328,0.522302548
Kung Pao,Pick Up Stix,290,20,155,2,2140,17,2,0,0,0,0,1234328,0.491645101
Shrimp and Vegetables,Pick Up Stix,180,5,155,1,1570,14,2,0,0,0,0,1234328,0.610426227
Thai Coconut Curry,Pick Up Stix,220,9,155,6,1600,15,4,0,0,0,0,1234328,0.614288012
Spicy Korean Chicken & Shrimp,Pick Up Stix,210,12,100,1,1160,17,2,0,0,0,0,1234328,0.834418066
Grilled Teriyaki Salmon,Pick Up Stix,290,6,25,1,600,16,4,0,0,0,0,1234328,1.755366761
Crispy Honey Tofu,Pick Up Stix,500,31,0,5,240,12,2,0,0,0,0,1234328,0.635907062
Firecracker Tofu,Pick Up Stix,530,40,0,5,1340,13,3,0,0,0,0,1234328,0.483691472
General's Orange Tofu,Pick Up Stix,440,17,0,5,460,12,2,0,0,0,0,1234328,0.770862801
House Tofu,Pick Up Stix,490,28,0,5,1290,14,2,0,0,0,0,1234328,0.543714324
Kung Pao Tofu,Pick Up Stix,470,19,0,4,1310,13,4,0,0,0,0,1234328,0.727407308
Sweet & Sour Tofu,Pick Up Stix,480,42,0,4,230,10,4,0,0,0,0,1234328,0.621118012
Thai Coconut Curry Tofu,Pick Up Stix,400,9,0,9,910,13,6,0,0,0,0,1234328,0.96741499
Vegetable Feast - Dark Sauce,Pick Up Stix,210,19,0,0,820,5,3,0,0,0,0,1234328,0.615381777
Vegetable Feast - Light Sauce,Pick Up Stix,120,7,0,0,880,4,3,0,0,0,0,1234328,0.80303838
Steamed Brown Rice,Pick Up Stix,160,0,0,0,5,3,3,0,0,0,0,1234328,5.085034014
Steamed White Rice,Pick Up Stix,180,0,0,0,0,4,1,0,0,0,0,1234328,3.214285714
Egg Fried Rice,Pick Up Stix,310,6,70,2,730,9,2,0,0,0,0,1234328,0.679004753
Beef Fried Rice,Pick Up Stix,430,5,105,3,820,19,2,0,0,0,0,1234328,0.963338017
Chicken Fried Rice,Pick Up Stix,420,5,110,3,790,19,2,0,0,0,0,1234328,0.964471496
House Special Fried Rice,Pick Up Stix,440,5,130,3,920,20,2,0,0,0,0,1234328,0.904274753
Shrimp Fried Rice,Pick Up Stix,410,5,220,3,1140,16,2,0,0,0,0,1234328,0.581104424
Vegetable Fried Rice,Pick Up Stix,320,5,70,2,760,10,2,0,0,0,0,1234328,0.734569008
Chow Mein,Pick Up Stix,310,16,0,0,1230,7,2,0,0,0,0,1234328,0.523450715
Beef Chow Mein,Pick Up Stix,430,16,35,2,1280,17,2,0,0,0,0,1234328,0.78625634
Chicken Chow Mein,Pick Up Stix,410,16,30,2,1250,15,2,0,0,0,0,1234328,0.732035745
House Special Chow Mein,Pick Up Stix,440,16,60,2,1380,19,2,0,0,0,0,1234328,0.783730159
Shrimp Chow Mein,Pick Up Stix,350,16,75,1,1560,12,2,0,0,0,0,1234328,0.528468138
Vegetable Chow Mein,Pick Up Stix,310,17,0,0,1200,8,3,0,0,0,0,1234328,0.656861847
Beef Drunken Noodles,Pick Up Stix,580,10,60,4,1280,25,4,0,0,0,0,1234328,1.111039547
Chicken Drunken Noodles,Pick Up Stix,450,10,45,2,1210,22,4,0,0,0,0,1234328,1.213186813
Shrimp Drunken Noodles,Pick Up Stix,440,11,155,2,1870,17,4,0,0,0,0,1234328,0.645631014
Tofu Drunken Noodles,Pick Up Stix,620,10,0,4,1180,15,6,0,0,0,0,1234328,1.051241684
Beef Pad Thai,Pick Up Stix,730,29,130,5,2350,28,5,0,0,0,0,1234328,0.696746446
Chicken Pad Thai,Pick Up Stix,670,29,120,5,2290,23,5,0,0,0,0,1234328,0.623446084
Shrimp Pad Thai,Pick Up Stix,640,30,335,5,2860,22,5,0,0,0,0,1234328,0.438063763
Chocolate Covered Fortune Cookies (EA),Pick Up Stix,70,,,3,3,1,0,0,0,0,0,1234328,
Fortune Cookie,Pick Up Stix,20,2,0,0,10,1,0,0,0,0,0,1234328,0.92
Fudge Brownie,Pick Up Stix,430,37,35,6,260,6,3,0,0,0,0,1234328,0.382470036
Steamed Brown Rice,Pick Up Stix,130,0,0,0,5,3,2,0,0,0,0,1234328,4.8913546
Steamed White Rice,Pick Up Stix,150,0,0,0,0,3,0,0,0,0,0,1234328,2
Chicken Dumplings Crispy (2),Pick Up Stix,150,1,8,0,152,3,1,0,0,0,0,1234328,1.27446656
Chicken Dumplings Steamed (2),Pick Up Stix,60,1,6,0,152,3,1,0,0,0,0,1234328,1.75832953
Cream Cheese Wontons (2),Pick Up Stix,170,1,20,4,210,3,1,0,0,0,0,1234328,0.516848154
Egg Fried Rice,Pick Up Stix,140,3,35,1,350,4,1,0,0,0,0,1234328,0.644517736
Plain Chow Mein,Pick Up Stix,140,7,0,0,560,3,1,0,0,0,0,1234328,0.527667443
Small Garden Salad (with dressing),Pick Up Stix,80,3,0,0,170,1,1,0,0,0,0,1234328,0.800892857
Vegetable Spring Roll (1),Pick Up Stix,130,2,0,1,235,4,4,0,0,0,0,1234328,2.166405024
House-Made Sangria Red,El Torito,260,31,0,0,15,1,1,0,0,0,0,1234329,0.1841133
House-Made Sangria White,El Torito,250,31,0,0,10,1,1,0,0,0,0,1234329,0.185875917
Baja combo,El Torito,1450,24,320,19,3870,67,11,0,0,0,0,1234329,0.883340053
Chicken and Sour Cream Enchiladas,El Torito,830,8,60,10,1550,33,15,0,0,0,0,1234329,1.533822006
Spinach Enchiladas,El Torito,820,13,55,16,2420,25,14,0,0,0,0,1234329,0.92404114
Shrimp Mazatlan Enchiladas,El Torito,800,11,215,13,3400,42,9,0,0,0,0,1234329,0.837989077
Sizzling Enchilada with Steak,El Torito,970,12,90,18,3150,34,12,0,0,0,0,1234329,0.841212235
Sizzling Enchilada with Chicken,El Torito,1000,14,110,15,3170,42,12,0,0,0,0,1234329,0.968396563
Enchiladas Rancheras with Chicken,El Torito,740,9,50,10,1850,27,15,0,0,0,0,1234329,1.330661271
Enchiladas Rancheras with Cheese,El Torito,840,9,65,18,1830,31,14,0,0,0,0,1234329,1.11450822
Enchiladas Rancheras with Beef,El Torito,740,9,35,10,1870,26,14,0,0,0,0,1234329,1.28806735
Fresh Tableside Guacamole (4),El Torito,120,1,0,1.5,300,2,5,0,0,0,0,1234329,1.914372756
Mexico City Flautas (2),El Torito,580,13,55,11,700,19,3,0,0,0,0,1234329,0.767066571
Quesadilla (Cheese) (3),El Torito,190,1,25,7,350,7,1,0,0,0,0,1234329,0.627096603
Quesadilla (Steak) (3),El Torito,240,1,40,8,380,12,1,0,0,0,0,1234329,0.821996445
Quesadilla (Chicken) (3),El Torito,230,2,40,7,480,12,1,0,0,0,0,1234329,0.813768745
Nachos Supremos with Chicken (3),El Torito,430,2,60,11,860,21,6,0,0,0,0,1234329,1.1499741
Nacho Supremos with Steak (3),El Torito,420,2,50,10,880,20,5,0,0,0,0,1234329,1.113257908
Grande Fiesta Platter (4),El Torito,520,3,50,11,1030,18,4,0,0,0,0,1234329,0.846850114
Bacon-Wrapped Shrimp (2),El Torito,700,18,70,10,400,14,6,0,0,0,0,1234329,0.764085364
House-Made Tortilla Soup Cup,El Torito,210,3,40,4,1110,15,3,0,0,0,0,1234329,1.037632309
Mexican Caesar,El Torito,410,2,15,7,380,7,3,0,0,0,0,1234329,0.762581931
Tableside Fajita Salad (Steak),El Torito,910,18,70,16,1820,26,10,0,0,0,0,1234329,0.830741718
Tableside Fajita Salad (Chicken),El Torito,930,20,90,13,1840,34,10,0,0,0,0,1234329,0.991532368
Grilled Chicken Taco Salad,El Torito,890,7,75,10,1550,46,21,0,0,0,0,1234329,2.078238286
Grilled Chicken Mexican Caesar,El Torito,740,5,85,10,1110,30,6,0,0,0,0,1234329,1.172685638
Grilled Steak Fajitas,El Torito,850,14,110,18,2700,36,16,0,0,0,0,1234329,1.026383601
Grilled Chicken Fajitas,El Torito,890,17,145,12,2730,50,16,0,0,0,0,1234329,1.285826097
Shrimp Fajitas,El Torito,850,15,335,16,3510,50,12,0,0,0,0,1234329,0.856919313
Ignited Fajitas Supremas,El Torito,1020,16,285,19,3590,61,12,0,0,0,0,1234329,0.960511269
Seafood Fajitas,El Torito,1020,17,275,24,3900,53,13,0,0,0,0,1234329,0.817343132
Fajitas Duo,El Torito,850,14,110,18,2700,36,16,0,0,0,0,1234329,1.026383601
Fajitas Combo,El Torito,1090,16,130,24,3180,46,19,0,0,0,0,1234329,1.029757348
Family Style Fajitas (4),El Torito,970,11,155,23,2040,37,10,0,0,0,0,1234329,0.841722711
Fajita Tortillas - Corn,El Torito,140,0,0,0,40,2,2,0,0,0,0,1234329,3.187633262
Fajita Tortillas - Flour,El Torito,360,0,0,0,640,8,4,0,0,0,0,1234329,1.652209271
Carne Asada,El Torito,1660,11,225,34,4220,79,11,0,0,0,0,1234329,0.924525556
Carne Asada and Shrimp,El Torito,1890,9,1220,26,7600,185,9,0,0,0,0,1234329,1.026292013
Pollo Fresco en Adobo,El Torito,1040,10,270,21,3490,67,9,0,0,0,0,1234329,0.991923402
Carnitas Michoacn,El Torito,1520,14,105,51,2660,31,13,0,0,0,0,1234329,0.53187535
Chile Verde,El Torito,1600,18,110,54,3470,32,15,0,0,0,0,1234329,0.512484748
Create your Own Combo - 2 Item,El Torito,1135,11,63,15,2975,34,20,0,0,0,0,1234329,1.146247683
Create your Own Combo - 3 Item,El Torito,1490,13,88,21,4030,45,25,0,0,0,0,1234329,1.093070342
Macho Combo,El Torito,1790,13,220,33,4140,66,26,0,0,0,0,1234329,1.053030641
Sizzling Combo,El Torito,1120,13,255,24,3990,53,11,0,0,0,0,1234329,0.788776185
Carne Asada Burrito,El Torito,1410,12,125,23,3330,57,20,0,0,0,0,1234329,1.170784889
Burrito Especial Chicken,El Torito,1020,12,95,15,2860,44,17,0,0,0,0,1234329,1.214928453
Burrito Especial Beef,El Torito,1000,12,60,14,2920,40,15,0,0,0,0,1234329,1.147692341
Street Taco Trio with Steak,El Torito,660,9,70,6,2960,39,9,0,0,0,0,1234329,1.181643315
Street Taco Trio with Chicken,El Torito,760,12,115,8,2940,43,9,0,0,0,0,1234329,1.101423707
Street Taco Trio with Carnitas,El Torito,1310,11,85,41,2700,26,9,0,0,0,0,1234329,0.48002126
Street Taco Trio with Fish,El Torito,730,10,75,12,1960,27,9,0,0,0,0,1234329,0.94989247
Street Taco Trio with Shrimp,El Torito,690,30,175,10,2580,30,9,0,0,0,0,1234329,0.731275694
Soup and Mexican Caesar Salad,El Torito,610,5,50,11,1490,23,6,0,0,0,0,1234329,0.952653964
Dos Tacos with Chicken,El Torito,670,10,80,9,2330,31,8,0,0,0,0,1234329,0.999812589
Dos Tacos with Carnitas,El Torito,1030,9,60,31,2170,20,8,0,0,0,0,1234329,0.505916102
Dos Tacos with Steak,El Torito,600,8,50,8,2340,29,8,0,0,0,0,1234329,1.058818167
Burrito Especial,El Torito,830,11,65,17,3150,29,8,0,0,0,0,1234329,0.70469629
Fajitas Chiquitas Carnitas,El Torito,900,11,60,27,1530,18,9,0,0,0,0,1234329,0.590448205
Fajitas Chiquitas Chicken,El Torito,580,12,75,7,1670,28,9,0,0,0,0,1234329,1.187213466
Fajitas Chiquitas Steak,El Torito,560,10,60,10,1650,21,9,0,0,0,0,1234329,0.976905198
Beef Crispy Taco and Chicken and Sour Cream Enchilada,El Torito,640,9,50,7,1780,25,11,0,0,0,0,1234329,1.246603457
Mexican Caesar Salad and Quesadilla,El Torito,650,2,40,14,840,17,5,0,0,0,0,1234329,0.829156708
Mexican Caesar Salad and Quesadilla with Steak,El Torito,660,3,45,14,800,19,5,0,0,0,0,1234329,0.879459396
Mexican Caesar Salad and Quesadilla with Chicken,El Torito,650,3,45,13,890,19,5,0,0,0,0,1234329,0.88833791
Vegetables,El Torito,90,4,0,0.5,25,12,3,0,0,0,0,1234329,5.394787645
Sweet Corn Cake,El Torito,70,5,10,2.5,50,1,0,0,0,0,0,1234329,0.158693652
Rice,El Torito,130,1,0,0,570,3,1,0,0,0,0,1234329,0.718951199
Refried Beans,El Torito,220,0,0,1.5,240,9,9,0,0,0,0,1234329,4.332403134
Frijoles de la Olla,El Torito,70,1,0,0,370,4,4,0,0,0,0,1234329,2.580923608
Fresh Fruit,El Torito,50,11,0,0,15,1,1,0,0,0,0,1234329,0.553772071
Papas Calientes,El Torito,400,10,15,7,1000,4,3,0,0,0,0,1234329,0.37889839
Mini Tacos,El Torito,270,2,15,4.5,490,7,4,0,0,0,0,1234329,1.066510539
Sliders,El Torito,390,9,40,11,700,6,1,0,0,0,0,1234329,0.285676302
Queso Dip (4),El Torito,160,2,20,4.5,410,7,2,0,0,0,0,1234329,0.895993823
Esquites,El Torito,390,17,50,12,700,8,2,0,0,0,0,1234329,0.360252931
Torta,El Torito,600,6,40,10,1200,20,6,0,0,0,0,1234329,0.97501183
Sopes,El Torito,220,2,20,4,800,8,3,0,0,0,0,1234329,0.873595125
Ceviche,El Torito,190,4,30,1,900,8,4,0,0,0,0,1234329,1.05701279
Taquitos,El Torito,720,4,25,10,1000,12,3,0,0,0,0,1234329,0.595190765
Home-Style Flan (2),El Torito,360,54,150,7,120,10,0,0,0,0,0,1234329,0.231248743
Sopapillas (4),El Torito,170,7,10,3,190,2,1,0,0,0,0,1234329,0.385556141
Deep-Fried Ice Cream (4),El Torito,180,13,15,4.5,100,2,1,0,0,0,0,1234329,0.283159117
Chocolate Volcano Cake (4),El Torito,240,21,30,8,90,3,1,0,0,0,0,1234329,0.221739381